project,target,configuration,hash,code,status,start,end
@framework/constants,build,,18111779001154563372,0,success,1721041239382,1721041241024
@framework/types,build,,9504468195261928754,0,success,1721041241027,1721041242836
@framework/exchange,build,,15531274920784507715,0,success,1721041242839,1721041244825
@framework/nest-js-module-exchange-signer,build,,5225532302368353397,0,success,1721041244825,1721041246443
@framework/abis,build,,9963025213222751990,0,success,1721041246443,1721041247671
@framework/styled,build,,6969548508109261938,0,success,1721041247671,1721041250478
@mui/x-license,build,,17805476728384236355,0,success,1721041250478,1721041251903
@framework/uniswap-widget,build,,11602589142999237206,0,success,1721041251904,1721041253612
@framework/localization-admin-ui,build,,6955185539687152112,0,success,1721041253613,1721041254842
@framework/localization-market-ui,build,,628005528015285854,0,success,1721041254842,1721041256062
@framework/localization-office-ui,build,,217460606162847630,0,success,1721041256063,1721041257284
@framework/cron,build,,13283212665023726127,0,success,1721041257285,1721041260619
@framework/signal,build,,9772253146031937652,0,success,1721041260619,1721041263346
@framework/constants,build,,10119407319233648739,0,success,1721731068819,1721731071195
@framework/types,build,,11014477750810002717,0,success,1721731071199,1721731073421
@framework/exchange,build,,13020059429991770740,0,success,1721731073425,1721731075472
@framework/nest-js-module-exchange-signer,build,,2958580109638211513,0,success,1721731075472,1721731077260
@framework/abis,build,,7027023093060709144,0,success,1721731077260,1721731078529
@mui/x-license,build,,17298123755716699179,0,success,1721731078529,1721731080088
@framework/styled,build,,14660438242035424392,0,success,1721731080089,1721731083036
@framework/uniswap-widget,build,,12440559912286946046,0,success,1721731083036,1721731084866
@framework/localization-admin-ui,build,,11083249027663344043,0,success,1721731084866,1721731086135
@framework/localization-market-ui,build,,4912307389740066346,0,success,1721731086135,1721731087431
@framework/localization-office-ui,build,,10328954965068224840,0,success,1721731087432,1721731088724
@framework/cron,build,,2184485115203174310,0,success,1721731088724,1721731090776
@framework/signal,build,,1479213548216839935,0,success,1721731090776,1721731092963
